Employee Id,Employee Name,Age,Country
1112,Mark,27,India
2311,Tony,34,Canada
8373,Rupal,27,India
198,Donald,USA,
199,Douglas,,UK
200,Jennifer,,Afghanistan
201,Michael,,Albania
202,Pat,,Angola
203,Susan,,Bahrain
204,Hermann,,India
205,Shelley,,Canada
206,William,,India
100,Steven,,USA
101,Neena,,UK
102,Lex,,Afghanistan
103,Alexander,,Albania
104,Bruce,,Angola
1112,David,78,Bahrain
2311,Valli,23,Bahrain
8373,Diana,90,Afghanistan
108,Nancy,,Albania
109,Daniel,,Angola
110,John,4,Bahrain
111,Ismael,,India
112,Jose Manuel,9,
113,Luis,3,India
114,,90,USA
115,Alexander,78,UK
116,Shelli,,Afghanistan
117,Sigal,,Albania
118,Guy,,Angola
119,Karen,,Bahrain
120,Matthew,,Albania
121,Adam,23,Angola
122,Payam,,Bahrain
123,Shanta,45,UK
124,Kevin,90,
125,Julia,1,Canada
126,Irene,,India
127,James,3,USA
128,Steven,,UK
129,Laura,90,
130,Mozhe,,Albania
131,,23,Angola
132,TJ,,Bahrain
133,Jason,,India
134,Michael,4,Canada
135,Ki,,India
136,Hazel,,USA
137,Renske,,UK
138,Stephen,,Afghanistan
139,John,,Albania
140,Joshua,9,Angola
